Strategy,SL,RR,Total Net Profit,Gross Profit,Gross Loss,Profit Factor,Profit Trade (%),Loss Trade (%),Total Trade,Expected Payoff,Max Consecutive Wins,Avg Consecutive Wins,Max Consecutive Loss,Avg Consecutive Loss,Max Draw Down (%),Max Draw Down (Time)
EMA_Stocastic_Strategy_5_20_10_3,0.05,1,-151.51727049855413,330.20192340529735,481.71919390385136,0.6854655732717263,0.4069767441860465,0.5930232558139535,86,-1.7618287267273736,5,2.0588235294117645,8,3.0,15.991808960252884,
EMA_Stocastic_Strategy_5_20_10_3,0.05,2,-195.32023670219826,198.40174246625992,393.72197916845806,0.5039133016787251,0.2037037037037037,0.7962962962962963,54,-3.617041420411079,2,1.5714285714285714,10,6.142857142857143,20.874751801498697,
EMA_Stocastic_Strategy_5_20_10_3,0.05,3,-198.20929598649695,187.39921003088978,385.60850601738673,0.48598308156210673,0.14285714285714285,0.8571428571428571,49,-4.045087673193815,2,1.1666666666666667,10,7.0,21.710860193302945,
EMA_Stocastic_Strategy_5_20_10_3,0.1,1,-91.12266670181509,101.33429832236888,192.45696502418423,0.5265296494186904,0.3333333333333333,0.6666666666666666,30,-3.0374222233938366,3,2.0,6,4.0,10.546722792354174,
EMA_Stocastic_Strategy_5_20_10_3,0.1,2,-80.54968420451121,113.21735384359258,193.76703804810376,0.5842962507146635,0.23076923076923078,0.7692307692307693,26,-3.098064777096585,2,1.2,6,4.0,9.696465139479713,
EMA_Stocastic_Strategy_5_20_10_3,0.1,3,-61.84048846072028,56.31675891170197,118.15724737242249,0.4766255152694604,0.14285714285714285,0.8571428571428571,14,-4.417177747194306,1,1.0,7,6.0,8.70235821323867,
EMA_Stocastic_Strategy_5_20_10_3,0.15,1,-55.29075888030059,62.67193896906056,117.96269784936138,0.531286076968948,0.3333333333333333,0.6666666666666666,18,-3.071708826683366,3,1.5,4,3.0,6.8400591569748705,
EMA_Stocastic_Strategy_5_20_10_3,0.15,2,-50.60704058003773,38.27334945573536,88.88039003577309,0.43061635350982236,0.18181818181818182,0.8181818181818182,11,-4.600640052730703,1,1.0,5,4.5,6.821240756668629,
EMA_Stocastic_Strategy_5_20_10_3,0.15,3,-41.95529092458685,57.82406721166702,99.77935813625409,0.5795193343768071,0.16666666666666666,0.8333333333333334,12,-3.4962742437155705,1,1.0,5,5.0,6.848646274093119,
EMA_Stocastic_Strategy_5_20_10_3,0.2,1,-37.05468824536172,32.32854802722262,69.38323627258438,0.4659417715860668,0.3,0.7,10,-3.7054688245361715,2,1.5,4,3.5,4.920013860007943,
EMA_Stocastic_Strategy_5_20_10_3,0.2,2,-30.98377481174407,38.84082700482065,69.82460181656461,0.5562627783665552,0.2222222222222222,0.7777777777777778,9,-3.442641645749341,1,1.0,4,3.5,4.929334513487034,
EMA_Stocastic_Strategy_5_20_10_3,0.2,3,-21.36420644962925,29.07048675564768,50.434693205277,0.5763986039793343,0.16666666666666666,0.8333333333333334,6,-3.5607010749382084,1,1.0,0,5.0,4.900995009999986,
EMA_Stocastic_Strategy_5_30_10_3,0.05,1,-96.66330925410261,355.75616318243385,452.41947243653703,0.7863414040657531,0.4457831325301205,0.5542168674698795,83,-1.1646181837843688,5,2.0555555555555554,6,2.5555555555555554,13.212254221240597,
EMA_Stocastic_Strategy_5_30_10_3,0.05,2,-152.93768842046688,205.95647661901043,358.8941650394774,0.5738640988948811,0.22448979591836735,0.7755102040816326,49,-3.121177314703406,2,1.5714285714285714,9,5.428571428571429,16.796975734055664,
EMA_Stocastic_Strategy_5_30_10_3,0.05,3,-164.28329533885835,194.13109574049383,358.4143910793525,0.5416386745963931,0.15555555555555556,0.8444444444444444,45,-3.6507398964190747,2,1.1666666666666667,9,6.333333333333333,18.49941183214255,
EMA_Stocastic_Strategy_5_30_10_3,0.1,1,-81.32899829668634,102.93195784900689,184.2609561456931,0.5586205564222718,0.3448275862068966,0.6551724137931034,29,-2.8044482171271152,3,2.0,5,3.8,9.64315433571133,
EMA_Stocastic_Strategy_5_30_10_3,0.1,2,-71.08364002955955,114.39169336442463,185.47533339398447,0.6167488219117265,0.24,0.76,25,-2.843345601182382,2,1.2,5,3.8,8.784308221696648,
EMA_Stocastic_Strategy_5_30_10_3,0.1,3,-52.10224263399368,56.898995963172624,109.00123859716635,0.5220032056099204,0.15384615384615385,0.8461538461538461,13,-4.007864817999514,1,1.0,6,5.5,7.780159811352208,
EMA_Stocastic_Strategy_5_30_10_3,0.15,1,-55.15467671953081,62.82501325620637,117.97968997573727,0.532507021073936,0.3333333333333333,0.6666666666666666,18,-3.0641487066406006,3,1.5,4,3.0,6.84005915697488,
EMA_Stocastic_Strategy_5_30_10_3,0.15,2,-50.604504586658436,38.2761228640631,88.88062745072169,0.43064640700567314,0.18181818181818182,0.8181818181818182,11,-4.60040950787804,1,1.0,5,4.5,6.8212407566686135,
EMA_Stocastic_Strategy_5_30_10_3,0.15,3,-41.955220055222185,57.82414546200242,99.77936551722456,0.5795200757417167,0.16666666666666666,0.8333333333333334,12,-3.496268337935182,1,1.0,5,5.0,6.8486462740931415,
EMA_Stocastic_Strategy_5_30_10_3,0.2,1,-27.327967017098217,32.42681834358132,59.75478536067964,0.5426647949256812,0.3333333333333333,0.6666666666666666,9,-3.0364407796775796,1,1.0,3,2.0,3.9596099596039784,
EMA_Stocastic_Strategy_5_30_10_3,0.2,2,-21.008918827989305,39.236933740030544,60.24585256801984,0.6512802469801645,0.25,0.75,8,-2.626114853498663,1,1.0,3,3.0,3.969024761097996,
EMA_Stocastic_Strategy_5_30_10_3,0.2,3,-11.191542208017381,29.369732435160323,40.56127464317773,0.724083074152114,0.2,0.8,5,-2.2383084416034764,1,1.0,0,4.0,3.9403990000000007,
EMA_Stocastic_Strategy_5_40_10_3,0.05,1,-78.20635340868614,348.94717296136764,427.1535263700543,0.8169127758975014,0.45569620253164556,0.5443037974683544,79,-0.9899538406162802,5,2.0,5,2.388888888888889,12.335610324485446,
EMA_Stocastic_Strategy_5_40_10_3,0.05,2,-152.37796214416983,187.83285409695128,340.2108162411209,0.5521072380127582,0.21739130434782608,0.782608695652174,46,-3.3125643944384744,2,1.4285714285714286,9,5.142857142857143,16.772173841860564,
EMA_Stocastic_Strategy_5_40_10_3,0.05,3,-138.6877755543794,196.39483551100022,335.08261106538015,0.5861087058101035,0.16666666666666666,0.8333333333333334,42,-3.302089894151891,2,1.1666666666666667,8,5.833333333333333,16.004666429773216,
EMA_Stocastic_Strategy_5_40_10_3,0.1,1,-90.05778768840844,103.29874373413514,193.35653142254347,0.5342397434115925,0.3333333333333333,0.6666666666666666,30,-3.001926256280281,3,2.0,5,4.0,10.546722792354203,
EMA_Stocastic_Strategy_5_40_10_3,0.1,2,-80.53045173668909,114.01107811320718,194.5415298498965,0.5860500747638581,0.23076923076923078,0.7692307692307693,26,-3.097325066795734,2,1.2,5,4.0,9.696465139479685,
EMA_Stocastic_Strategy_5_40_10_3,0.1,3,-61.83996169703312,56.60758702483108,118.44754872186422,0.4779126933032249,0.14285714285714285,0.8571428571428571,14,-4.417140121216652,1,1.0,6,6.0,8.702358213238687,
EMA_Stocastic_Strategy_5_40_10_3,0.15,1,-55.29075151930965,62.671947249194105,117.96269876850381,0.5312861430220821,0.3333333333333333,0.6666666666666666,18,-3.071708417739425,3,1.5,4,3.0,6.8400591569748865,
EMA_Stocastic_Strategy_5_40_10_3,0.15,2,-50.607040442860125,38.27334960575527,88.8803900486154,0.4306163551354881,0.18181818181818182,0.8181818181818182,11,-4.600640040260012,1,1.0,5,4.5,6.821240756668624,
EMA_Stocastic_Strategy_5_40_10_3,0.15,3,-41.95529092075367,57.82406721589976,99.77935813665331,0.5795193344169094,0.16666666666666666,0.8333333333333334,12,-3.496274243396139,1,1.0,5,5.0,6.84864627409314,
EMA_Stocastic_Strategy_5_40_10_3,0.2,1,-27.425235127766314,42.351029522760214,69.77626465052653,0.6069546676778238,0.36363636363636365,0.6363636363636364,11,-2.493203193433301,2,1.3333333333333333,3,2.3333333333333335,3.9692139986080335,
EMA_Stocastic_Strategy_5_40_10_3,0.2,2,-21.010786978294732,39.23495062615697,60.2457376044517,0.6512485726999848,0.25,0.75,8,-2.6263483722868415,1,1.0,3,3.0,3.9690247610980034,
EMA_Stocastic_Strategy_5_40_10_3,0.2,3,-11.19159604414915,29.369676390651158,40.56127243480046,0.724081731850522,0.2,0.8,5,-2.23831920882983,1,1.0,0,4.0,3.9403989999999887,
EMA_Stocastic_Strategy_5_50_10_3,0.05,1,-105.49509613579187,336.51928106024616,442.01437719603774,0.7613310752355834,0.4375,0.5625,80,-1.3186887016973983,5,1.9444444444444444,5,2.6470588235294117,14.930823444582403,
EMA_Stocastic_Strategy_5_50_10_3,0.05,2,-169.6908379373657,187.58932913799237,357.2801670753577,0.5250482574321734,0.20833333333333334,0.7916666666666666,48,-3.5352257903617854,2,1.4285714285714286,9,5.428571428571429,18.428407582407548,
EMA_Stocastic_Strategy_5_50_10_3,0.05,3,-156.25546747540022,196.08421088800947,352.3396783634094,0.5565203777184718,0.1590909090909091,0.8409090909090909,44,-3.551260624440914,2,1.1666666666666667,9,6.166666666666667,17.6761735678208,
EMA_Stocastic_Strategy_5_50_10_3,0.1,1,-81.18392445603035,103.78677900860218,184.97070346463283,0.5610984716206512,0.3448275862068966,0.6551724137931034,29,-2.7994456708975983,3,2.0,5,3.8,9.643154335711293,
EMA_Stocastic_Strategy_5_50_10_3,0.1,2,-71.08099342741309,115.17322497474858,186.25421840216154,0.6183657259566904,0.24,0.76,25,-2.8432397370965234,2,1.2,5,3.8,8.784308221696689,
EMA_Stocastic_Strategy_5_50_10_3,0.1,3,-52.102169413225624,57.19232515334978,109.29449456657541,0.5232864233478088,0.15384615384615385,0.8461538461538461,13,-4.00785918563274,1,1.0,5,5.5,7.78015981135221,
EMA_Stocastic_Strategy_5_50_10_3,0.15,1,-45.61078353166101,63.31598962885515,108.92677316051629,0.5812711401590099,0.35294117647058826,0.6470588235294118,17,-2.682987266568295,3,1.5,3,2.75,5.899049653509972,
EMA_Stocastic_Strategy_5_50_10_3,0.15,2,-40.834996930847865,38.666417518697386,79.50141444954514,0.4863613784285144,0.2,0.8,10,-4.083499693084787,1,1.0,4,4.0,5.880041168352157,
EMA_Stocastic_Strategy_5_50_10_3,0.15,3,-32.00222949112117,58.42206345946644,90.42429295058749,0.6460881423910196,0.18181818181818182,0.8181818181818182,11,-2.9092935901019246,1,1.0,4,4.5,5.9077235091849944,
EMA_Stocastic_Strategy_5_50_10_3,0.2,1,-27.29779508613865,42.48761260448402,69.78540769062262,0.6088323334420137,0.36363636363636365,0.6363636363636364,11,-2.4816177351035136,2,1.3333333333333333,3,2.3333333333333335,3.9692139986080304,
EMA_Stocastic_Strategy_5_50_10_3,0.2,2,-21.008339339998315,39.23754888896751,60.24588822896583,0.6512900721098897,0.25,0.75,8,-2.6260424174997894,1,1.0,3,3.0,3.9690247610979994,
EMA_Stocastic_Strategy_5_50_10_3,0.2,3,-11.19152550840181,29.36974981980005,40.5612753282019,0.7240834905252478,0.2,0.8,5,-2.238305101680362,1,1.0,0,4.0,3.940398999999997,
EMA_Stocastic_Strategy_6_20_10_3,0.05,1,-132.2363648961898,346.21104657541366,478.4474114716033,0.7236135848463293,0.42528735632183906,0.5747126436781609,87,-1.5199582171975838,5,2.0555555555555554,8,2.7777777777777777,14.294673787732732,
EMA_Stocastic_Strategy_6_20_10_3,0.05,2,-178.670661579372,201.03862442301642,379.7092860023882,0.52945406350097,0.21153846153846154,0.7884615384615384,52,-3.435974261141769,2,1.5714285714285714,9,5.857142857142857,19.26818875777849,
EMA_Stocastic_Strategy_6_20_10_3,0.05,3,-181.53071289882962,189.88916150769808,371.4198744065278,0.5112520212094518,0.14893617021276595,0.851063829787234,47,-3.8623555935921194,2,1.1666666666666667,10,6.666666666666667,20.121273536682917,
EMA_Stocastic_Strategy_6_20_10_3,0.1,1,-90.82427591854105,101.69587407289484,192.5201499914358,0.5282349617815005,0.3333333333333333,0.6666666666666666,30,-3.027475863951368,3,2.0,6,4.0,10.546722792354208,
EMA_Stocastic_Strategy_6_20_10_3,0.1,2,-80.54429505601126,113.22387871342997,193.76817376944126,0.5843264996043754,0.23076923076923078,0.7692307692307693,26,-3.0978575021542794,2,1.2,6,4.0,9.696465139479708,
EMA_Stocastic_Strategy_6_20_10_3,0.1,3,-61.8403408557557,56.31692510689169,118.1572659626474,0.4766268468389827,0.14285714285714285,0.8571428571428571,14,-4.41716720398255,1,1.0,7,6.0,8.702358213238675,
EMA_Stocastic_Strategy_6_20_10_3,0.15,1,-55.290756817670285,62.67194128924483,117.96269810691517,0.531286095477761,0.3333333333333333,0.6666666666666666,18,-3.0717087120927937,3,1.5,4,3.0,6.840059156974886,
EMA_Stocastic_Strategy_6_20_10_3,0.15,2,-50.60704054159896,38.27334949777257,88.88039003937165,0.4306163539653516,0.18181818181818182,0.8181818181818182,11,-4.60064004923627,1,1.0,5,4.5,6.82124075666862,
EMA_Stocastic_Strategy_6_20_10_3,0.15,3,-41.95529092351296,57.82406721285307,99.77935813636593,0.5795193343880443,0.16666666666666666,0.8333333333333334,12,-3.4962742436260803,1,1.0,5,5.0,6.848646274093155,
EMA_Stocastic_Strategy_6_20_10_3,0.2,1,-37.0546882453483,32.32854802723721,69.38323627258536,0.46594177158627054,0.3,0.7,10,-3.7054688245348304,2,1.5,4,3.5,4.9200138600079635,
EMA_Stocastic_Strategy_6_20_10_3,0.2,2,-30.983774811743842,38.84082700482092,69.82460181656462,0.556262778366559,0.2222222222222222,0.7777777777777778,9,-3.442641645749316,1,1.0,4,3.5,4.929334513487033,
EMA_Stocastic_Strategy_6_20_10_3,0.2,3,-21.36420644962925,29.070486755647686,50.434693205277,0.5763986039793344,0.16666666666666666,0.8333333333333334,6,-3.5607010749382084,1,1.0,0,5.0,4.900995009999986,
EMA_Stocastic_Strategy_6_30_10_3,0.05,1,-96.57296655075754,345.563235165506,442.13620171626417,0.7815764323846688,0.4444444444444444,0.5555555555555556,81,-1.1922588463056487,5,2.0,6,2.5,13.212254221240599,
EMA_Stocastic_Strategy_6_30_10_3,0.05,2,-144.37998491236317,207.08601681338453,351.4660017257474,0.589206397764117,0.22916666666666666,0.7708333333333334,48,-3.0079163523408994,3,1.5714285714285714,9,5.285714285714286,15.956541145510808,
EMA_Stocastic_Strategy_6_30_10_3,0.05,3,-155.63036159401554,194.9854027442962,350.6157643383121,0.5561227491076333,0.1590909090909091,0.8409090909090909,44,-3.5370536725912625,2,1.1666666666666667,9,6.166666666666667,17.67617356782075,
EMA_Stocastic_Strategy_6_30_10_3,0.1,1,-81.172627936901,103.11969194178621,184.29231987868724,0.5595441633686421,0.3448275862068966,0.6551724137931034,29,-2.799056135755207,3,2.0,5,3.8,9.64315433571131,
EMA_Stocastic_Strategy_6_30_10_3,0.1,2,-71.08078734345168,114.39511564208044,185.47590298553197,0.6167653792255904,0.24,0.76,25,-2.843231493738067,2,1.2,5,3.8,8.78430822169669,
EMA_Stocastic_Strategy_6_30_10_3,0.1,3,-52.10216371171646,56.899083960928465,109.0012476726451,0.5220039694573866,0.15384615384615385,0.8461538461538461,13,-4.007858747055112,1,1.0,6,5.5,7.780159811352185,
EMA_Stocastic_Strategy_6_30_10_3,0.15,1,-55.15467561667151,62.825014496775935,117.97969011344762,0.532507030967485,0.3333333333333333,0.6666666666666666,18,-3.0641486453706395,3,1.5,4,3.0,6.840059156974866,
EMA_Stocastic_Strategy_6_30_10_3,0.15,2,-50.604504566106016,38.27612288653981,88.88062745264577,0.4306464072492371,0.18181818181818182,0.8181818181818182,11,-4.600409506009638,1,1.0,5,4.5,6.821240756668631,
EMA_Stocastic_Strategy_6_30_10_3,0.15,3,-41.955220054647725,57.82414546263659,99.7793655172844,0.5795200757477249,0.16666666666666666,0.8333333333333334,12,-3.4962683378873103,1,1.0,5,5.0,6.848646274093135,
EMA_Stocastic_Strategy_6_30_10_3,0.2,1,-27.32796701709094,32.426818343589126,59.754785360680096,0.5426647949258078,0.3333333333333333,0.6666666666666666,9,-3.0364407796767714,1,1.0,3,2.0,3.9596099596039926,
EMA_Stocastic_Strategy_6_30_10_3,0.2,2,-21.008918827989078,39.23693374003069,60.245852568019856,0.6512802469801668,0.25,0.75,8,-2.6261148534986347,1,1.0,3,3.0,3.9690247610979954,
EMA_Stocastic_Strategy_6_30_10_3,0.2,3,-11.191542208017381,29.369732435160326,40.56127464317773,0.724083074152114,0.2,0.8,5,-2.2383084416034764,1,1.0,0,4.0,3.9403990000000007,
EMA_Stocastic_Strategy_6_40_10_3,0.05,1,-78.11416482516904,339.74685413518085,417.86101896035,0.8130618524323724,0.45454545454545453,0.5454545454545454,77,-1.0144696730541434,5,1.9444444444444444,5,2.3333333333333335,12.335610324485474,
EMA_Stocastic_Strategy_6_40_10_3,0.05,2,-126.69086481348586,210.96573470849876,337.6565995219844,0.624793754978164,0.2391304347826087,0.7608695652173914,46,-2.7541492350757797,3,1.5714285714285714,9,5.0,14.25011850373512,
EMA_Stocastic_Strategy_6_40_10_3,0.05,3,-129.33383501187598,199.0221589065156,328.35599391839173,0.6061170272286236,0.17073170731707318,0.8292682926829268,41,-3.154483780777463,2,1.1666666666666667,8,5.666666666666667,15.156228716942675,
EMA_Stocastic_Strategy_6_40_10_3,0.1,1,-80.69741369812289,104.37123128008184,185.06864497820501,0.5639595583161768,0.3448275862068966,0.6551724137931034,29,-2.7826694378663066,3,2.0,5,3.8,9.643154335711293,
EMA_Stocastic_Strategy_6_40_10_3,0.1,2,-71.07211794434488,115.1838800490943,186.25599799343922,0.6184170243642387,0.24,0.76,25,-2.8428847177737953,2,1.2,5,3.8,8.78430822169667,
EMA_Stocastic_Strategy_6_40_10_3,0.1,3,-52.101923864536616,57.1925990142883,109.29452287882489,0.523288793507959,0.15384615384615385,0.8461538461538461,13,-4.007840297272048,1,1.0,5,5.5,7.780159811352208,
EMA_Stocastic_Strategy_6_40_10_3,0.15,1,-45.61078006570642,63.315993490387775,108.92677355609419,0.5812711734987894,0.35294117647058826,0.6470588235294118,17,-2.682987062688613,3,1.5,3,2.75,5.899049653509991,
EMA_Stocastic_Strategy_6_40_10_3,0.15,2,-40.83499686560458,38.666417589348235,79.5014144549529,0.4863613792841058,0.2,0.8,10,-4.083499686560458,1,1.0,4,4.0,5.880041168352148,
EMA_Stocastic_Strategy_6_40_10_3,0.15,3,-32.00222948927933,58.42206346148015,90.42429295075952,0.64608814241206,0.18181818181818182,0.8181818181818182,11,-2.9092935899344847,1,1.0,4,4.5,5.907723509184992,
EMA_Stocastic_Strategy_6_40_10_3,0.2,1,-27.297795086115116,42.487612604509295,69.78540769062431,0.6088323334423611,0.36363636363636365,0.6363636363636364,11,-2.481617735101374,2,1.3333333333333333,3,2.3333333333333335,3.9692139986080353,
EMA_Stocastic_Strategy_6_40_10_3,0.2,2,-21.008339339997974,39.23754888896799,60.24588822896585,0.6512900721098974,0.25,0.75,8,-2.6260424174997468,1,1.0,3,3.0,3.9690247610980083,
EMA_Stocastic_Strategy_6_40_10_3,0.2,3,-11.19152550840181,29.36974981980006,40.5612753282019,0.724083490525248,0.2,0.8,5,-2.238305101680362,1,1.0,0,4.0,3.940398999999997,
EMA_Stocastic_Strategy_6_50_10_3,0.05,1,-105.40563654209859,327.8072016385641,433.21283818066246,0.7566885667914091,0.4358974358974359,0.5641025641025641,78,-1.3513543146422897,5,2.0,6,2.75,14.922315676149989,
EMA_Stocastic_Strategy_6_50_10_3,0.05,2,-144.52845053976125,209.1565234086189,353.6849739483803,0.5913638939016531,0.22916666666666666,0.7708333333333334,48,-3.0110093862450262,3,1.5714285714285714,8,5.285714285714286,15.956541145510766,
EMA_Stocastic_Strategy_6_50_10_3,0.05,3,-155.63402827157802,196.96515718284846,352.5991854544265,0.5586092234699908,0.1590909090909091,0.8409090909090909,44,-3.5371370061722276,2,1.1666666666666667,9,6.166666666666667,17.67617356782076,
EMA_Stocastic_Strategy_6_50_10_3,0.1,1,-81.26457692936481,113.26970100040246,194.53427792976728,0.5822608858748083,0.3548387096774194,0.6451612903225806,31,-2.621437965463381,4,2.2,5,4.0,9.652190020277741,
EMA_Stocastic_Strategy_6_50_10_3,0.1,2,-80.37164013382619,114.39914043945441,194.7707805732807,0.5873526824852089,0.23076923076923078,0.7692307692307693,26,-3.0912169282240844,2,1.2,5,4.0,9.696465139479702,
EMA_Stocastic_Strategy_6_50_10_3,0.1,3,-61.835611959584185,56.6124859390914,118.44809789867561,0.4779518366560819,0.14285714285714285,0.8571428571428571,14,-4.416829425684584,1,1.0,6,6.0,8.70235821323869,
EMA_Stocastic_Strategy_6_50_10_3,0.15,1,-45.65273773449792,53.42570600493384,99.07844373943173,0.5392263340897755,0.3333333333333333,0.6666666666666666,15,-3.043515848966528,2,1.25,3,2.5,5.889638617371729,
EMA_Stocastic_Strategy_6_50_10_3,0.15,2,-40.83578667641643,38.665562314224715,79.50134899064123,0.4863510217767042,0.2,0.8,10,-4.0835786676416435,1,1.0,4,4.0,5.880041168352143,
EMA_Stocastic_Strategy_6_50_10_3,0.15,3,-32.00225178380845,58.422039084335594,90.42429086814415,0.6460878877062587,0.18181818181818182,0.8181818181818182,11,-2.909295616709859,1,1.0,4,4.5,5.907723509184977,
EMA_Stocastic_Strategy_6_50_10_3,0.2,1,-27.297795371576626,42.4876122985677,69.78540767014421,0.6088323292370028,0.36363636363636365,0.6363636363636364,11,-2.4816177610524206,2,1.3333333333333333,3,2.3333333333333335,3.969213998608038,
EMA_Stocastic_Strategy_6_50_10_3,0.2,2,-21.008339345480522,39.237548883147966,60.24588822862847,0.6512900720169401,0.25,0.75,8,-2.6260424181850652,1,1.0,3,3.0,3.9690247610979994,
EMA_Stocastic_Strategy_6_50_10_3,0.2,3,-11.191525508559721,29.369749819635583,40.56127532819543,0.7240834905213086,0.2,0.8,5,-2.238305101711944,1,1.0,0,4.0,3.9403989999999967,
EMA_Stocastic_Strategy_7_20_10_3,0.05,1,-132.23636489619025,348.06037685232747,480.2967417485175,0.7246777806262347,0.42528735632183906,0.5747126436781609,87,-1.5199582171975892,5,2.0555555555555554,8,2.7777777777777777,14.294673787732748,
EMA_Stocastic_Strategy_7_20_10_3,0.05,2,-178.670661579372,202.17031242941135,380.8409740087831,0.530852314291027,0.21153846153846154,0.7884615384615384,52,-3.435974261141769,2,1.5714285714285714,9,5.857142857142857,19.26818875777849,
EMA_Stocastic_Strategy_7_20_10_3,0.05,3,-181.53071289882962,191.01741077483177,372.54812367366145,0.5127321777686795,0.14893617021276595,0.851063829787234,47,-3.8623555935921194,2,1.1666666666666667,10,6.666666666666667,20.121273536682917,
EMA_Stocastic_Strategy_7_20_10_3,0.1,1,-72.36432600606145,103.42834741008936,175.7926734161509,0.5883541412743934,0.35714285714285715,0.6428571428571429,28,-2.5844402145021945,3,2.0,4,3.6,8.730458924960907,
EMA_Stocastic_Strategy_7_20_10_3,0.1,2,-70.9200962726486,115.17087439539424,186.09097066804298,0.6188955540505023,0.24,0.76,25,-2.836803850905944,2,1.2,4,3.8,8.784308221696657,
EMA_Stocastic_Strategy_7_20_10_3,0.1,3,-42.52294751541001,57.19728977842663,99.72023729383662,0.5735775538709214,0.16666666666666666,0.8333333333333334,12,-3.5435789596175007,1,1.0,5,5.0,6.84864627409315,
EMA_Stocastic_Strategy_7_20_10_3,0.15,1,-55.02081573454609,62.97558901674141,117.99640475128754,0.5337076934630437,0.3333333333333333,0.6666666666666666,18,-3.0567119852525604,3,1.5,4,3.0,6.840059156974888,
EMA_Stocastic_Strategy_7_20_10_3,0.15,2,-50.60200998656012,38.2788510039487,88.8808609905089,0.43067596980227596,0.18181818181818182,0.8181818181818182,11,-4.60018272605092,1,1.0,5,4.5,6.821240756668617,
EMA_Stocastic_Strategy_7_20_10_3,0.15,3,-41.955150342609386,57.82422243511125,99.77937277772057,0.5795208050057281,0.16666666666666666,0.8333333333333334,12,-3.496262528550782,1,1.0,5,5.0,6.84864627409315,
EMA_Stocastic_Strategy_7_20_10_3,0.2,1,-27.32796612440154,32.426819291119806,59.75478541552126,0.5426648102847502,0.3333333333333333,0.6666666666666666,9,-3.03644068048906,1,1.0,3,2.0,3.9596099596040006,
EMA_Stocastic_Strategy_7_20_10_3,0.2,2,-21.008918810843852,39.236933758230954,60.24585256907495,0.6512802472708608,0.25,0.75,8,-2.6261148513554815,1,1.0,3,3.0,3.9690247610979834,
EMA_Stocastic_Strategy_7_20_10_3,0.2,3,-11.191542207523412,29.369732435674685,40.561274643198004,0.7240830741644332,0.2,0.8,5,-2.2383084415046826,1,1.0,0,4.0,3.940399000000008,
EMA_Stocastic_Strategy_7_30_10_3,0.05,1,-87.42428987459868,347.9690519483477,435.39334182294647,0.7992061855871236,0.45,0.55,80,-1.0928036234324836,5,2.0,5,2.4444444444444446,13.212254221240608,
EMA_Stocastic_Strategy_7_30_10_3,0.05,2,-135.5820279050522,208.81940384195383,344.401431747006,0.606325597378325,0.23404255319148937,0.7659574468085106,47,-2.884723997979834,3,1.5714285714285714,9,5.142857142857143,15.107617318697752,
EMA_Stocastic_Strategy_7_30_10_3,0.05,3,-146.88189610942152,196.70797113882477,343.58986724824655,0.5725080681634351,0.16279069767441862,0.8372093023255814,43,-3.415858049056314,2,1.1666666666666667,9,6.0,16.844619765475503,
EMA_Stocastic_Strategy_7_30_10_3,0.1,1,-71.73184968462942,104.18068188977733,175.91253157440642,0.5922300188472452,0.35714285714285715,0.6428571428571429,28,-2.5618517744510507,3,2.0,4,3.6,8.730458924960956,
EMA_Stocastic_Strategy_7_30_10_3,0.1,2,-61.52379587839425,115.5717982081301,177.09559408652427,0.6525955589367444,0.25,0.75,24,-2.563491494933094,2,1.2,4,3.6,7.862937597673415,
EMA_Stocastic_Strategy_7_30_10_3,0.1,3,-42.2603640848879,57.487220999616994,99.74758508450495,0.5763269451677905,0.16666666666666666,0.8333333333333334,12,-3.5216970070739912,1,1.0,5,5.0,6.84864627409314,
EMA_Stocastic_Strategy_7_30_10_3,0.15,1,-55.017146396018006,62.979716533355656,117.99686292937372,0.5337406009772631,0.3333333333333333,0.6666666666666666,18,-3.0565081331121116,3,1.5,4,3.0,6.840059156974883,
EMA_Stocastic_Strategy_7_30_10_3,0.15,2,-50.60194160567778,38.27892578652104,88.88086739219898,0.4306767801624848,0.18181818181818182,0.8181818181818182,11,-4.600176509607071,1,1.0,5,4.5,6.821240756668614,
EMA_Stocastic_Strategy_7_30_10_3,0.15,3,-41.955148431677685,57.82422454506431,99.7793729767421,0.5795208249959914,0.16666666666666666,0.8333333333333334,12,-3.4962623693064736,1,1.0,5,5.0,6.848646274093133,
EMA_Stocastic_Strategy_7_30_10_3,0.2,1,-27.425233303321193,42.351031478098,69.77626478141924,0.6069546945622071,0.36363636363636365,0.6363636363636364,11,-2.493203027574654,2,1.3333333333333333,3,2.3333333333333335,3.969213998608022,
EMA_Stocastic_Strategy_7_30_10_3,0.2,2,-21.01078694325406,39.234950663353985,60.24573760660806,0.6512485732940964,0.25,0.75,8,-2.6263483679067576,1,1.0,3,3.0,3.9690247610980034,
EMA_Stocastic_Strategy_7_30_10_3,0.2,3,-11.191596043139498,29.369676391702377,40.561272434841875,0.7240817318756996,0.2,0.8,5,-2.2383192086278996,1,1.0,0,4.0,3.9403989999999967,
EMA_Stocastic_Strategy_7_40_10_3,0.05,1,-87.24174747419625,330.43394453254075,417.67569200673654,0.7911256289418234,0.4473684210526316,0.5526315789473685,76,-1.1479177299236347,5,2.0,5,2.4705882352941178,13.203574578698513,
EMA_Stocastic_Strategy_7_40_10_3,0.05,2,-126.84740263958577,210.74867303359403,337.59607567318,0.6242628046352517,0.2391304347826087,0.7608695652173914,46,-2.757552231295343,3,1.5714285714285714,9,5.0,14.25011850373509,
EMA_Stocastic_Strategy_7_40_10_3,0.05,3,-129.3378193897305,199.0166718926301,328.3544912823608,0.6061030903380893,0.17073170731707318,0.8292682926829268,41,-3.1545809607251343,2,1.1666666666666667,8,5.666666666666667,15.156228716942682,
EMA_Stocastic_Strategy_7_40_10_3,0.1,1,-80.69748570128615,104.37114478166127,185.06863048294736,0.5639591351019279,0.3448275862068966,0.6551724137931034,29,-2.782671920734005,3,2.0,5,3.8,9.64315433571132,
EMA_Stocastic_Strategy_7_40_10_3,0.1,2,-71.07211925790853,115.1838784721527,186.25599773006127,0.6184170167721923,0.24,0.76,25,-2.842884770316341,2,1.2,5,3.8,8.784308221696671,
EMA_Stocastic_Strategy_7_40_10_3,0.1,3,-52.10192390087752,57.192598973757136,109.29452287463471,0.5232887931571776,0.15384615384615385,0.8461538461538461,13,-4.007840300067501,1,1.0,5,5.5,7.780159811352208,
EMA_Stocastic_Strategy_7_40_10_3,0.15,1,-45.61078006621938,63.315993489816265,108.92677355603563,0.5812711734938552,0.35294117647058826,0.6470588235294118,17,-2.682987062718787,3,1.5,3,2.75,5.89904965350999,
EMA_Stocastic_Strategy_7_40_10_3,0.15,2,-40.83499686561436,38.66641758933777,79.50141445495208,0.4863613792839791,0.2,0.8,10,-4.083499686561436,1,1.0,4,4.0,5.880041168352151,
EMA_Stocastic_Strategy_7_40_10_3,0.15,3,-32.00222948927967,58.42206346147985,90.4242929507595,0.6460881424120569,0.18181818181818182,0.8181818181818182,11,-2.9092935899345154,1,1.0,4,4.5,5.907723509184983,
EMA_Stocastic_Strategy_7_40_10_3,0.2,1,-27.297795086115116,42.48761260450929,69.78540769062431,0.6088323334423611,0.36363636363636365,0.6363636363636364,11,-2.481617735101374,2,1.3333333333333333,3,2.3333333333333335,3.9692139986080353,
EMA_Stocastic_Strategy_7_40_10_3,0.2,2,-21.008339339997974,39.23754888896799,60.24588822896585,0.6512900721098974,0.25,0.75,8,-2.6260424174997468,1,1.0,3,3.0,3.9690247610980083,
EMA_Stocastic_Strategy_7_40_10_3,0.2,3,-11.19152550840181,29.36974981980006,40.5612753282019,0.724083490525248,0.2,0.8,5,-2.238305101680362,1,1.0,0,4.0,3.940398999999997,
EMA_Stocastic_Strategy_7_50_10_3,0.05,1,-87.2417473136403,330.4772119965068,417.71895931014654,0.7911472645203428,0.4473684210526316,0.5526315789473685,76,-1.1479177278110566,5,2.0,5,2.625,14.06294512742425,
EMA_Stocastic_Strategy_7_50_10_3,0.05,2,-126.84740263683238,211.12357630515444,337.97097894198686,0.6246796010890452,0.2391304347826087,0.7608695652173914,46,-2.7575522312354868,3,1.5714285714285714,8,5.0,14.250118503735102,
EMA_Stocastic_Strategy_7_50_10_3,0.05,3,-138.04444119576408,199.01667189272658,337.06111308849034,0.5904468482559059,0.16666666666666666,0.8333333333333334,42,-3.2867724094229542,2,1.1666666666666667,8,5.833333333333333,16.004666429773277,
EMA_Stocastic_Strategy_7_50_10_3,0.1,1,-80.94674079521519,113.65483618638358,194.6015769815989,0.5840386185417733,0.3548387096774194,0.6451612903225806,31,-2.6111851869424254,4,2.2,5,4.0,9.65219002027773,
EMA_Stocastic_Strategy_7_50_10_3,0.1,2,-80.36589978854215,114.40609654925866,194.77199633780094,0.5873847303533284,0.23076923076923078,0.7692307692307693,26,-3.09099614571316,2,1.2,5,4.0,9.6964651394797,
EMA_Stocastic_Strategy_7_50_10_3,0.1,3,-61.83545473558797,56.61266301342894,118.44811774901692,0.4779532515103965,0.14285714285714285,0.8571428571428571,14,-4.416818195399141,1,1.0,6,6.0,8.702358213238684,
EMA_Stocastic_Strategy_7_50_10_3,0.15,1,-45.65273551503685,53.425708454814966,99.0784439698518,0.5392263575624145,0.3333333333333333,0.6666666666666666,15,-3.0435157010024567,2,1.25,3,2.5,5.889638617371734,
EMA_Stocastic_Strategy_7_50_10_3,0.15,2,-40.835786634637316,38.66556235946673,79.50134899410413,0.48635102232459215,0.2,0.8,10,-4.083578663463731,1,1.0,4,4.0,5.880041168352146,
EMA_Stocastic_Strategy_7_50_10_3,0.15,3,-32.00225178262929,58.42203908562508,90.4242908682543,0.646087887719732,0.18181818181818182,0.8181818181818182,11,-2.9092956166026624,1,1.0,4,4.5,5.907723509184985,
EMA_Stocastic_Strategy_7_50_10_3,0.2,1,-27.29779537156128,42.48761229858388,69.7854076701453,0.6088323292372252,0.36363636363636365,0.6363636363636364,11,-2.4816177610510253,2,1.3333333333333333,3,2.3333333333333335,3.9692139986080206,
EMA_Stocastic_Strategy_7_50_10_3,0.2,2,-21.00833934548018,39.23754888314828,60.24588822862849,0.6512900720169452,0.25,0.75,8,-2.6260424181850226,1,1.0,3,3.0,3.969024761097998,
EMA_Stocastic_Strategy_7_50_10_3,0.2,3,-11.191525508559721,29.369749819635594,40.56127532819543,0.7240834905213088,0.2,0.8,5,-2.238305101711944,1,1.0,0,4.0,3.9403989999999967,
EMA_Stocastic_Strategy_8_20_10_3,0.05,1,-114.6172481340576,351.89155388063574,466.5088020146936,0.7543084982768498,0.43529411764705883,0.5647058823529412,85,-1.3484382133418542,5,2.0555555555555554,7,2.6666666666666665,13.255639416223245,
EMA_Stocastic_Strategy_8_20_10_3,0.05,2,-144.93817006059066,226.153079153806,371.09124921439735,0.6094271412558867,0.23529411764705882,0.7647058823529411,51,-2.8419249031488367,3,1.7142857142857142,9,5.571428571428571,15.981586096249359,
EMA_Stocastic_Strategy_8_20_10_3,0.05,3,-164.08770570344177,194.12731536383643,358.2150210672782,0.5419295784566678,0.15555555555555556,0.8444444444444444,45,-3.646393460076484,2,1.1666666666666667,9,6.333333333333333,18.499411832142574,
EMA_Stocastic_Strategy_8_20_10_3,0.1,1,-72.04592295372288,103.80708980185116,175.85301275557438,0.59030600713186,0.35714285714285715,0.6428571428571429,28,-2.573068676918674,3,2.0,4,3.6,8.730458924960889,
EMA_Stocastic_Strategy_8_20_10_3,0.1,2,-70.9142876017122,115.177846519774,186.0921341214861,0.6189291506785704,0.24,0.76,25,-2.836571504068488,2,1.2,4,3.8,8.784308221696678,
EMA_Stocastic_Strategy_8_20_10_3,0.1,3,-42.52278518974174,57.19746901014415,99.7202541998858,0.5735792539747622,0.16666666666666666,0.8333333333333334,12,-3.5435654324784784,1,1.0,5,5.0,6.848646274093148,
EMA_Stocastic_Strategy_8_20_10_3,0.15,1,-55.020813466208665,62.97559156831859,117.99640503452729,0.5337077138061207,0.3333333333333333,0.6666666666666666,18,-3.0567118592338147,3,1.5,4,3.0,6.840059156974888,
EMA_Stocastic_Strategy_8_20_10_3,0.15,2,-50.602009944288056,38.278851050178325,88.88086099446635,0.43067597030323024,0.18181818181818182,0.8181818181818182,11,-4.600182722208005,1,1.0,5,4.5,6.821240756668626,
EMA_Stocastic_Strategy_8_20_10_3,0.15,3,-41.955150341428066,57.824222436415596,99.77937277784358,0.5795208050180859,0.16666666666666666,0.8333333333333334,12,-3.496262528452339,1,1.0,5,5.0,6.8486462740931415,
EMA_Stocastic_Strategy_8_20_10_3,0.2,1,-27.32796612438642,32.42681929113586,59.75478541552218,0.5426648102850106,0.3333333333333333,0.6666666666666666,9,-3.03644068048738,1,1.0,3,2.0,3.9596099596039958,
EMA_Stocastic_Strategy_8_20_10_3,0.2,2,-21.00891881084351,39.23693375823126,60.24585256907497,0.6512802472708656,0.25,0.75,8,-2.626114851355439,1,1.0,3,3.0,3.969024761097982,
EMA_Stocastic_Strategy_8_20_10_3,0.2,3,-11.191542207523412,29.369732435674692,40.561274643198004,0.7240830741644334,0.2,0.8,5,-2.2383084415046826,1,1.0,0,4.0,3.940399000000008,
EMA_Stocastic_Strategy_8_30_10_3,0.05,1,-78.20635340868557,351.2564114721153,429.4627648808008,0.8178972432443776,0.45569620253164556,0.5443037974683544,79,-0.9899538406162731,5,2.0,5,2.388888888888889,13.212254221240597,
EMA_Stocastic_Strategy_8_30_10_3,0.05,2,-126.69244584550813,210.96354238561165,337.65598823111964,0.6247883933312943,0.2391304347826087,0.7608695652173914,46,-2.754183605337133,3,1.5714285714285714,9,5.0,14.250118503735118,
EMA_Stocastic_Strategy_8_30_10_3,0.05,3,-138.04053650155106,198.74450383001528,336.7850403315662,0.5901227193296665,0.16666666666666666,0.8333333333333334,42,-3.2866794405131206,2,1.1666666666666667,9,5.833333333333333,16.00466642977327,
EMA_Stocastic_Strategy_8_30_10_3,0.1,1,-62.19238415944574,105.25279155842152,167.4451757178671,0.6285806151606589,0.37037037037037035,0.6296296296296297,27,-2.3034216355350274,3,2.0,4,3.4,7.808544368647406,
EMA_Stocastic_Strategy_8_30_10_3,0.1,2,-51.86667496193763,116.76080449025667,168.62747945219445,0.6924186073916744,0.2608695652173913,0.7391304347826086,23,-2.255072824432071,2,1.2,4,3.4,6.932260199670089,
EMA_Stocastic_Strategy_8_30_10_3,0.1,3,-32.31362820095865,58.08157583122352,90.39520403218226,0.6425293958133604,0.18181818181818182,0.8181818181818182,11,-2.9376025637235132,1,1.0,4,4.5,5.907723509184989,
EMA_Stocastic_Strategy_8_30_10_3,0.15,1,-45.33146545155432,63.62718696390989,108.95865241546429,0.583957175987241,0.35294117647058826,0.6470588235294118,17,-2.6665567912679013,3,1.5,3,2.75,5.899049653509984,
EMA_Stocastic_Strategy_8_30_10_3,0.15,2,-40.82973904960761,38.67211120503283,79.50185025464047,0.4864303293718068,0.2,0.8,10,-4.082973904960761,1,1.0,4,4.0,5.880041168352142,
EMA_Stocastic_Strategy_8_30_10_3,0.15,3,-32.00208107331639,58.42222574153342,90.42430681484984,0.6460898380029283,0.18181818181818182,0.8181818181818182,11,-2.9092800975742175,1,1.0,4,4.5,5.907723509184993,
EMA_Stocastic_Strategy_8_30_10_3,0.2,1,-17.472518369476234,42.78641237574735,60.258930745223594,0.7100426749463821,0.4,0.6,10,-1.7472518369476233,2,1.3333333333333333,2,2.0,2.999206059200034,
EMA_Stocastic_Strategy_8_30_10_3,0.2,2,-10.928922382807741,39.6377397065089,50.56666208931667,0.7838709946188688,0.2857142857142857,0.7142857142857143,7,-1.5612746261153916,1,1.0,2,2.5,2.999014910199998,
EMA_Stocastic_Strategy_8_30_10_3,0.2,3,-0.9101596737734781,29.672132328515772,30.58229200228925,0.9702389973352766,0.25,0.75,4,-0.22753991844336952,1,1.0,0,3.0,2.9701,
EMA_Stocastic_Strategy_8_40_10_3,0.05,1,-87.21834416293814,330.4680571353308,417.6864012982689,0.791187015206043,0.4473684210526316,0.5526315789473685,76,-1.1476097916176071,5,2.0,5,2.4705882352941178,13.203574578698497,
EMA_Stocastic_Strategy_8_40_10_3,0.05,2,-126.84700127335282,210.74922958423127,337.5962308575838,0.6242641662463838,0.2391304347826087,0.7608695652173914,46,-2.7575435059424525,3,1.5714285714285714,9,5.0,14.250118503735132,
EMA_Stocastic_Strategy_8_40_10_3,0.05,3,-129.33780917370314,199.01668596144748,328.35449513515056,0.6061031260727291,0.17073170731707318,0.8292682926829268,41,-3.154580711553735,2,1.1666666666666667,8,5.666666666666667,15.156228716942696,
EMA_Stocastic_Strategy_8_40_10_3,0.1,1,-80.7894157681169,113.84547342696413,194.63488919508092,0.5849181197563083,0.3548387096774194,0.6451612903225806,31,-2.606110186068287,4,2.2,5,4.0,9.652190020277745,
EMA_Stocastic_Strategy_8_40_10_3,0.1,2,-80.36305838732858,114.40953973914765,194.77259812647608,0.5874005935108774,0.23076923076923078,0.7692307692307693,26,-3.090886861051099,2,1.2,5,4.0,9.696465139479718,
EMA_Stocastic_Strategy_8_40_10_3,0.1,3,-61.83537691161871,56.61275066307591,118.44812757469485,0.47795395184592687,0.14285714285714285,0.8571428571428571,14,-4.4168126365441935,1,1.0,6,6.0,8.702358213238666,
EMA_Stocastic_Strategy_8_40_10_3,0.15,1,-45.748169142988786,63.162923862028585,108.91109300501749,0.5799494075329745,0.35294117647058826,0.6470588235294118,17,-2.6910687731169873,3,1.5,3,2.75,5.899049653509982,
EMA_Stocastic_Strategy_8_40_10_3,0.15,2,-40.837583076464284,38.66361701764281,79.50120009410699,0.48632746388577774,0.2,0.8,10,-4.083758307646429,1,1.0,4,4.0,5.880041168352155,
EMA_Stocastic_Strategy_8_40_10_3,0.15,3,-32.00230249201968,58.4219836392809,90.42428613130046,0.6460873083858173,0.18181818181818182,0.8181818181818182,11,-2.9093002265472436,1,1.0,4,4.5,5.907723509184997,
EMA_Stocastic_Strategy_8_40_10_3,0.2,1,-27.297796020849773,42.48761160271308,69.78540762356283,0.6088323196720465,0.36363636363636365,0.6363636363636364,11,-2.4816178200772523,2,1.3333333333333333,3,2.3333333333333335,3.969213998608027,
EMA_Stocastic_Strategy_8_40_10_3,0.2,2,-21.008339357950376,39.23754886991051,60.24588822786109,0.6512900718055122,0.25,0.75,8,-2.626042419743797,1,1.0,3,3.0,3.9690247610979825,
EMA_Stocastic_Strategy_8_40_10_3,0.2,3,-11.191525508919199,29.369749819261486,40.56127532818068,0.7240834905123489,0.2,0.8,5,-2.2383051017838396,1,1.0,0,4.0,3.9403989999999935,
EMA_Stocastic_Strategy_8_50_10_3,0.05,1,-78.02196698347609,331.88722531000707,409.9091922934829,0.8096603627087865,0.4533333333333333,0.5466666666666666,75,-1.0402928931130146,5,2.0,5,2.5625,14.062945127424248,
EMA_Stocastic_Strategy_8_50_10_3,0.05,2,-117.86796325523824,212.1161878268988,329.984151082137,0.6428071988648344,0.24444444444444444,0.7555555555555555,45,-2.6192880723386276,3,1.5714285714285714,8,4.857142857142857,13.383958084580922,
EMA_Stocastic_Strategy_8_50_10_3,0.05,3,-129.10926453931756,199.90700337766648,329.0162679169843,0.6075900278222899,0.17073170731707318,0.8292682926829268,41,-3.1490064521784773,2,1.1666666666666667,8,5.666666666666667,15.15622871694266,
EMA_Stocastic_Strategy_8_50_10_3,0.1,1,-80.7852860666768,113.8504775569582,194.63576362363517,0.5849412021580448,0.3548387096774194,0.6451612903225806,31,-2.6059769698928,4,2.2,5,4.0,9.652190020277725,
EMA_Stocastic_Strategy_8_50_10_3,0.1,2,-80.36298380200094,114.40963012111995,194.7726139231208,0.5874010099093236,0.23076923076923078,0.7692307692307693,26,-3.0908839923846516,2,1.2,5,4.0,9.69646513947972,
EMA_Stocastic_Strategy_8_50_10_3,0.1,3,-61.83537486877958,56.61275296383427,118.44812783261385,0.4779539702293745,0.14285714285714285,0.8571428571428571,14,-4.416812490627113,1,1.0,6,6.0,8.702358213238684,
EMA_Stocastic_Strategy_8_50_10_3,0.15,1,-45.65273438759266,53.42570969930812,99.07844408690082,0.5392263694860702,0.3333333333333333,0.6666666666666666,15,-3.0435156258395106,2,1.25,3,2.5,5.889638617371727,
EMA_Stocastic_Strategy_8_50_10_3,0.15,2,-40.83578661341426,38.665562382448826,79.50134899586324,0.48635102260290886,0.2,0.8,10,-4.083578661341425,1,1.0,4,4.0,5.88004116835214,
EMA_Stocastic_Strategy_8_50_10_3,0.15,3,-32.00225178202993,58.42203908628012,90.42429086831031,0.646087887726576,0.18181818181818182,0.8181818181818182,11,-2.9092956165481754,1,1.0,4,4.5,5.907723509184974,
EMA_Stocastic_Strategy_8_50_10_3,0.2,1,-27.297795371553775,42.487612298592104,69.78540767014584,0.6088323292373382,0.36363636363636365,0.6363636363636364,11,-2.481617761050343,2,1.3333333333333333,3,2.3333333333333335,3.9692139986080344,
EMA_Stocastic_Strategy_8_50_10_3,0.2,2,-21.008339345480067,39.237548883148435,60.24588822862849,0.6512900720169478,0.25,0.75,8,-2.6260424181850084,1,1.0,3,3.0,3.969024761097998,
EMA_Stocastic_Strategy_8_50_10_3,0.2,3,-11.191525508559721,29.3697498196356,40.56127532819543,0.724083490521309,0.2,0.8,5,-2.238305101711944,1,1.0,0,4.0,3.9403989999999967,
EMA_Stocastic_Strategy_9_20_10_3,0.05,1,-105.67398801419972,354.32681187246885,460.0007998866685,0.7702743385658573,0.44047619047619047,0.5595238095238095,84,-1.258023666835711,5,2.0555555555555554,6,2.611111111111111,13.255639416223246,
EMA_Stocastic_Strategy_9_20_10_3,0.05,2,-136.1493841964758,228.08143111855847,364.23081531503476,0.6262002596383385,0.24,0.76,50,-2.722987683929516,3,1.7142857142857142,9,5.428571428571429,15.132915248736744,
EMA_Stocastic_Strategy_9_20_10_3,0.05,3,-155.42708923058535,195.84085149899104,351.2679407295766,0.5575255489932656,0.1590909090909091,0.8409090909090909,44,-3.532433846149667,2,1.1666666666666667,8,6.166666666666667,17.67617356782075,
EMA_Stocastic_Strategy_9_20_10_3,0.1,1,-71.88783285554234,103.99513894729482,175.8829718028372,0.5912746292681033,0.35714285714285715,0.6428571428571429,28,-2.567422601983655,3,2.0,4,3.6,8.730458924960923,
EMA_Stocastic_Strategy_9_20_10_3,0.1,2,-70.91140354217816,115.1813082448411,186.09271178701945,0.6189458315630573,0.24,0.76,25,-2.8364561416871266,2,1.2,4,3.8,8.784308221696655,
EMA_Stocastic_Strategy_9_20_10_3,0.1,3,-42.52270459352678,57.197558000370904,99.7202625938976,0.5735800980920313,0.16666666666666666,0.8333333333333334,12,-3.5435587161272317,1,1.0,5,5.0,6.848646274093144,
EMA_Stocastic_Strategy_9_20_10_3,0.15,1,-55.020812339957956,62.975592835200565,117.99640517515847,0.533707723906649,0.3333333333333333,0.6666666666666666,18,-3.056711796664331,3,1.5,4,3.0,6.840059156974896,
EMA_Stocastic_Strategy_9_20_10_3,0.15,2,-50.60200992329942,38.27885107313176,88.88086099643127,0.43067597055195866,0.18181818181818182,0.8181818181818182,11,-4.600182720299947,1,1.0,5,4.5,6.821240756668624,
EMA_Stocastic_Strategy_9_20_10_3,0.15,3,-41.95515034084167,57.82422243706321,99.77937277790465,0.5795208050242217,0.16666666666666666,0.8333333333333334,12,-3.4962625284034723,1,1.0,5,5.0,6.848646274093148,
EMA_Stocastic_Strategy_9_20_10_3,0.2,1,-27.327966124378918,32.426819291143836,59.75478541552265,0.5426648102851398,0.3333333333333333,0.6666666666666666,9,-3.0364406804865465,1,1.0,3,2.0,3.9596099596039984,
EMA_Stocastic_Strategy_9_20_10_3,0.2,2,-21.008918810843397,39.236933758231416,60.24585256907497,0.6512802472708682,0.25,0.75,8,-2.6261148513554247,1,1.0,3,3.0,3.969024761097981,
EMA_Stocastic_Strategy_9_20_10_3,0.2,3,-11.191542207523412,29.3697324356747,40.561274643198004,0.7240830741644335,0.2,0.8,5,-2.2383084415046826,1,1.0,0,4.0,3.940399000000008,
EMA_Stocastic_Strategy_9_30_10_3,0.05,1,-68.89530647341974,352.2444124953694,421.13971896878917,0.8364074833831437,0.46153846153846156,0.5384615384615384,78,-0.8832731599156377,5,2.0,5,2.3333333333333335,12.335610324485447,
EMA_Stocastic_Strategy_9_30_10_3,0.05,2,-117.70986021338092,211.56000536155318,329.26986557493404,0.6425125026007189,0.24444444444444444,0.7555555555555555,45,-2.615774671408465,3,1.5714285714285714,8,4.857142857142857,13.383958084580922,
EMA_Stocastic_Strategy_9_30_10_3,0.05,3,-120.30832355739494,199.61744127666026,319.9257648340553,0.6239492507901054,0.175,0.825,40,-3.0077080889348737,2,1.1666666666666667,8,5.5,14.299220926204722,
EMA_Stocastic_Strategy_9_30_10_3,0.1,1,-61.86543245486814,105.63812035943053,167.50355281429873,0.6306619685646027,0.37037037037037035,0.6296296296296297,27,-2.2913123131432647,3,2.0,4,3.4,7.808544368647386,
EMA_Stocastic_Strategy_9_30_10_3,0.1,2,-51.86058923070402,116.76797258141968,168.62856181212368,0.6924566711985357,0.2608695652173913,0.7391304347826086,23,-2.254808227421914,2,1.2,4,3.4,6.932260199670108,
EMA_Stocastic_Strategy_9_30_10_3,0.1,3,-32.31345641486689,58.08176366449675,90.39522007936371,0.6425313596615294,0.18181818181818182,0.8181818181818182,11,-2.937586946806081,1,1.0,4,4.5,5.907723509184978,
EMA_Stocastic_Strategy_9_30_10_3,0.15,1,-45.331463026769256,63.627189665441726,108.95865269221093,0.5839571992981353,0.35294117647058826,0.6470588235294118,17,-2.6665566486334855,3,1.5,3,2.75,5.899049653509988,
EMA_Stocastic_Strategy_9_30_10_3,0.15,2,-40.829739003963596,38.672111254460226,79.50185025842373,0.48643032997037283,0.2,0.8,10,-4.082973900396359,1,1.0,4,4.0,5.880041168352157,
EMA_Stocastic_Strategy_9_30_10_3,0.15,3,-32.00208107202809,58.422225742942196,90.4243068149702,0.646089838017648,0.18181818181818182,0.8181818181818182,11,-2.909280097457099,1,1.0,4,4.5,5.907723509184998,
EMA_Stocastic_Strategy_9_30_10_3,0.2,1,-17.472518369459408,42.786412375765025,60.25893074522461,0.7100426749466635,0.4,0.6,10,-1.7472518369459409,2,1.3333333333333333,2,2.0,2.999206059200017,
EMA_Stocastic_Strategy_9_30_10_3,0.2,2,-10.9289223828074,39.63773970650925,50.566662089316694,0.7838709946188753,0.2857142857142857,0.7142857142857143,7,-1.561274626115343,1,1.0,2,2.5,2.999014910199997,
EMA_Stocastic_Strategy_9_30_10_3,0.2,3,-0.9101596737734781,29.67213232851578,30.58229200228925,0.9702389973352769,0.25,0.75,4,-0.22753991844336952,1,1.0,0,3.0,2.9701,
EMA_Stocastic_Strategy_9_40_10_3,0.05,1,-96.34616072130905,329.72276121676623,426.0689219380749,0.773871888418767,0.44155844155844154,0.5584415584415584,77,-1.2512488405364812,5,2.0,6,2.6875,14.922315676150042,
EMA_Stocastic_Strategy_9_40_10_3,0.05,2,-135.73350767988268,210.53216234676347,346.2656700266461,0.608007609678899,0.23404255319148937,0.7659574468085106,47,-2.8879469719123976,3,1.5714285714285714,9,5.142857142857143,15.107617318697757,
EMA_Stocastic_Strategy_9_40_10_3,0.05,3,-138.26835860293318,198.70519330014642,336.9735519030796,0.5896759320663184,0.16666666666666666,0.8333333333333334,42,-3.292103776260314,2,1.1666666666666667,8,5.833333333333333,16.004666429773266,
EMA_Stocastic_Strategy_9_40_10_3,0.1,1,-80.95078688468595,113.64993337246969,194.60072025715587,0.5840159955332465,0.3548387096774194,0.6451612903225806,31,-2.6113157059576113,4,2.2,5,4.0,9.652190020277725,
EMA_Stocastic_Strategy_9_40_10_3,0.1,2,-80.36597286377855,114.40600799720428,194.77198086098286,0.5873843223829036,0.23076923076923078,0.7692307692307693,26,-3.090998956299175,2,1.2,5,4.0,9.6964651394797,
EMA_Stocastic_Strategy_9_40_10_3,0.1,3,-61.83545673706692,56.612660759252854,118.44811749631987,0.47795323349914604,0.14285714285714285,0.8571428571428571,14,-4.416818338361923,1,1.0,6,6.0,8.702358213238668,
EMA_Stocastic_Strategy_9_40_10_3,0.15,1,-45.652735543290646,53.42570842362771,99.07844396691854,0.5392263572636052,0.3333333333333333,0.6666666666666666,15,-3.043515702886043,2,1.25,3,2.5,5.889638617371714,
EMA_Stocastic_Strategy_9_40_10_3,0.15,2,-40.835786635169256,38.6655623588908,79.50134899406007,0.48635102231761745,0.2,0.8,10,-4.083578663516926,1,1.0,4,4.0,5.880041168352149,
EMA_Stocastic_Strategy_9_40_10_3,0.15,3,-32.002251782644294,58.42203908560866,90.42429086825292,0.6460878877195603,0.18181818181818182,0.8181818181818182,11,-2.9092956166040267,1,1.0,4,4.5,5.907723509184987,
EMA_Stocastic_Strategy_9_40_10_3,0.2,1,-27.297795371561506,42.48761229858367,69.78540767014528,0.6088323292372223,0.36363636363636365,0.6363636363636364,11,-2.481617761051046,2,1.3333333333333333,3,2.3333333333333335,3.969213998608021,
EMA_Stocastic_Strategy_9_40_10_3,0.2,2,-21.00833934548018,39.23754888314828,60.24588822862849,0.6512900720169452,0.25,0.75,8,-2.6260424181850226,1,1.0,3,3.0,3.969024761097998,
EMA_Stocastic_Strategy_9_40_10_3,0.2,3,-11.191525508559721,29.369749819635594,40.56127532819543,0.7240834905213088,0.2,0.8,5,-2.238305101711944,1,1.0,0,4.0,3.9403989999999967,
EMA_Stocastic_Strategy_9_50_10_3,0.05,1,-96.27895773627779,319.80816144898625,416.08711918526376,0.7686086559833901,0.44,0.56,75,-1.283719436483704,5,2.0625,5,2.8,15.76466898628715,
EMA_Stocastic_Strategy_9_50_10_3,0.05,2,-135.73236667557842,211.3029864313735,347.0353531069515,0.6088802899751048,0.23404255319148937,0.7659574468085106,47,-2.8879226952250727,3,1.5714285714285714,9,5.142857142857143,15.107617318697782,
EMA_Stocastic_Strategy_9_50_10_3,0.05,3,-146.88564655270977,199.00018449149974,345.88583104420957,0.5753348840301713,0.16279069767441862,0.8372093023255814,43,-3.4159452686676692,2,1.1666666666666667,9,6.0,16.84461976547553,
EMA_Stocastic_Strategy_9_50_10_3,0.1,1,-90.29543252849635,113.27276697863141,203.5681995071276,0.5564364534975679,0.34375,0.65625,32,-2.821732266515511,4,2.2,6,4.2,10.555668120074976,
EMA_Stocastic_Strategy_9_50_10_3,0.1,2,-89.72939633280453,114.01380985189678,203.74320618470122,0.5595956399573824,0.2222222222222222,0.7777777777777778,27,-3.3233109752890564,2,1.2,6,4.2,10.599500488084916,
EMA_Stocastic_Strategy_9_50_10_3,0.1,3,-62.09191428159886,56.3238241255882,118.41573840718706,0.4756447486052218,0.14285714285714285,0.8571428571428571,14,-4.435136734399919,1,1.0,6,6.0,8.70235821323868,
EMA_Stocastic_Strategy_9_50_10_3,0.15,1,-45.65635584012023,53.4217122747476,99.07806811486769,0.5391880694808493,0.3333333333333333,0.6666666666666666,15,-3.043757056008015,2,1.25,3,2.5,5.8896386173717366,
EMA_Stocastic_Strategy_9_50_10_3,0.15,2,-40.83585478360703,38.665488561897135,79.5013433455041,0.48635012862438276,0.2,0.8,10,-4.083585478360703,1,1.0,4,4.0,5.880041168352151,
EMA_Stocastic_Strategy_9_50_10_3,0.15,3,-32.00225370631688,58.42203698223872,90.42429068855544,0.6460878657423952,0.18181818181818182,0.8181818181818182,11,-2.9092957914833524,1,1.0,4,4.5,5.907723509184995,
EMA_Stocastic_Strategy_9_50_10_3,0.2,1,-27.29779539619267,42.48761227218565,69.78540766837816,0.6088323288743651,0.36363636363636365,0.6363636363636364,11,-2.4816177632902425,2,1.3333333333333333,3,2.3333333333333335,3.969213998608044,
EMA_Stocastic_Strategy_9_50_10_3,0.2,2,-21.008339345953118,39.237548882646095,60.24588822859937,0.6512900720089244,0.25,0.75,8,-2.6260424182441398,1,1.0,3,3.0,3.969024761097987,
EMA_Stocastic_Strategy_9_50_10_3,0.2,3,-11.19152550857359,29.369749819621408,40.56127532819486,0.7240834905209693,0.2,0.8,5,-2.238305101714718,1,1.0,0,4.0,3.9403990000000078,
EMA_Stocastic_Strategy_10_20_10_3,0.05,1,-105.67398801419984,354.32681187246874,460.0007998866685,0.770274338565857,0.44047619047619047,0.5595238095238095,84,-1.2580236668357123,5,2.0555555555555554,6,2.611111111111111,13.25563941622324,
EMA_Stocastic_Strategy_10_20_10_3,0.05,2,-136.1493841964758,228.08143111855847,364.23081531503476,0.6262002596383385,0.24,0.76,50,-2.722987683929516,3,1.7142857142857142,9,5.428571428571429,15.132915248736744,
EMA_Stocastic_Strategy_10_20_10_3,0.05,3,-155.42708923058535,195.84085149899104,351.2679407295766,0.5575255489932656,0.1590909090909091,0.8409090909090909,44,-3.532433846149667,2,1.1666666666666667,8,6.166666666666667,17.67617356782075,
EMA_Stocastic_Strategy_10_20_10_3,0.1,1,-71.88783285554234,103.99513894729482,175.8829718028372,0.5912746292681033,0.35714285714285715,0.6428571428571429,28,-2.567422601983655,3,2.0,4,3.6,8.730458924960923,
EMA_Stocastic_Strategy_10_20_10_3,0.1,2,-70.91140354217816,115.1813082448411,186.09271178701945,0.6189458315630573,0.24,0.76,25,-2.8364561416871266,2,1.2,4,3.8,8.784308221696655,
EMA_Stocastic_Strategy_10_20_10_3,0.1,3,-42.52270459352678,57.197558000370904,99.7202625938976,0.5735800980920313,0.16666666666666666,0.8333333333333334,12,-3.5435587161272317,1,1.0,5,5.0,6.848646274093144,
EMA_Stocastic_Strategy_10_20_10_3,0.15,1,-55.020812339957956,62.975592835200565,117.99640517515847,0.533707723906649,0.3333333333333333,0.6666666666666666,18,-3.056711796664331,3,1.5,4,3.0,6.840059156974896,
EMA_Stocastic_Strategy_10_20_10_3,0.15,2,-50.60200992329942,38.27885107313176,88.88086099643127,0.43067597055195866,0.18181818181818182,0.8181818181818182,11,-4.600182720299947,1,1.0,5,4.5,6.821240756668624,
EMA_Stocastic_Strategy_10_20_10_3,0.15,3,-41.95515034084167,57.82422243706321,99.77937277790465,0.5795208050242217,0.16666666666666666,0.8333333333333334,12,-3.4962625284034723,1,1.0,5,5.0,6.848646274093148,
EMA_Stocastic_Strategy_10_20_10_3,0.2,1,-27.327966124378918,32.426819291143836,59.75478541552265,0.5426648102851398,0.3333333333333333,0.6666666666666666,9,-3.0364406804865465,1,1.0,3,2.0,3.9596099596039984,
EMA_Stocastic_Strategy_10_20_10_3,0.2,2,-21.008918810843397,39.236933758231416,60.24585256907497,0.6512802472708682,0.25,0.75,8,-2.6261148513554247,1,1.0,3,3.0,3.969024761097981,
EMA_Stocastic_Strategy_10_20_10_3,0.2,3,-11.191542207523412,29.3697324356747,40.561274643198004,0.7240830741644335,0.2,0.8,5,-2.2383084415046826,1,1.0,0,4.0,3.940399000000008,
EMA_Stocastic_Strategy_10_30_10_3,0.05,1,-68.89530647341974,352.2444124953694,421.13971896878917,0.8364074833831437,0.46153846153846156,0.5384615384615384,78,-0.8832731599156377,5,2.0,5,2.3333333333333335,12.335610324485447,
EMA_Stocastic_Strategy_10_30_10_3,0.05,2,-126.532761611247,211.18496699720924,337.7177286084563,0.6253298216453812,0.2391304347826087,0.7608695652173914,46,-2.750712208940152,3,1.5714285714285714,9,5.0,14.250118503735102,
EMA_Stocastic_Strategy_10_30_10_3,0.05,3,-129.32981079029662,199.02770079046556,328.3575115807627,0.6061311033583977,0.17073170731707318,0.8292682926829268,41,-3.154385629031625,2,1.1666666666666667,8,5.666666666666667,15.156228716942636,
EMA_Stocastic_Strategy_10_30_10_3,0.1,1,-71.4114555302317,105.24968141984193,176.66113695007377,0.5957715615154597,0.35714285714285715,0.6428571428571429,28,-2.5504091260797037,3,2.0,5,3.6,8.730458924960914,
EMA_Stocastic_Strategy_10_30_10_3,0.1,2,-61.517891843154985,116.36518601285701,177.8830778560117,0.6541666999209973,0.25,0.75,24,-2.563245493464791,2,1.2,5,3.6,7.8629375976734295,
EMA_Stocastic_Strategy_10_30_10_3,0.1,3,-42.26019909422564,57.78369549640202,100.04389459062746,0.57758342708317,0.16666666666666666,0.8333333333333334,12,-3.521683257852137,1,1.0,4,5.0,6.848646274093152,
EMA_Stocastic_Strategy_10_30_10_3,0.15,1,-45.471862717616204,63.47076581483604,108.94262853245222,0.5826072554870396,0.35294117647058826,0.6470588235294118,17,-2.674815453977424,3,1.5,3,2.75,5.899049653509988,
EMA_Stocastic_Strategy_10_30_10_3,0.15,2,-40.832381886587996,38.66924931369016,79.50163120027815,0.48639567176018983,0.2,0.8,10,-4.083238188658799,1,1.0,4,4.0,5.880041168352154,
EMA_Stocastic_Strategy_10_30_10_3,0.15,3,-32.00215567448072,58.42214417159522,90.42429984607601,0.6460889857156076,0.18181818181818182,0.8181818181818182,11,-2.909286879498247,1,1.0,4,4.5,5.907723509184986,
EMA_Stocastic_Strategy_10_30_10_3,0.2,1,-17.472519334325852,42.78641135172298,60.25893068604884,0.7100426586499136,0.4,0.6,10,-1.7472519334325853,2,1.3333333333333333,2,2.0,2.9992060592000236,
EMA_Stocastic_Strategy_10_30_10_3,0.2,2,-10.928922401525938,39.637739686833655,50.56666208835969,0.7838709942446084,0.2857142857142857,0.7142857142857143,7,-1.5612746287894197,1,1.0,2,2.5,2.999014910199992,
EMA_Stocastic_Strategy_10_30_10_3,0.2,3,-0.9101596743183791,29.672132327954223,30.582292002272567,0.970238997317444,0.25,0.75,4,-0.22753991857959477,1,1.0,0,3.0,2.9700999999999973,
EMA_Stocastic_Strategy_10_40_10_3,0.05,1,-96.34616072131018,329.7227612167643,426.0689219380743,0.7738718884187635,0.44155844155844154,0.5584415584415584,77,-1.2512488405364959,5,2.0,6,2.6875,14.922315676150019,
EMA_Stocastic_Strategy_10_40_10_3,0.05,2,-135.73350767988268,210.53216234676347,346.2656700266461,0.608007609678899,0.23404255319148937,0.7659574468085106,47,-2.8879469719123976,3,1.5714285714285714,9,5.142857142857143,15.107617318697757,
EMA_Stocastic_Strategy_10_40_10_3,0.05,3,-138.26835860293318,198.70519330014642,336.9735519030796,0.5896759320663184,0.16666666666666666,0.8333333333333334,42,-3.292103776260314,2,1.1666666666666667,8,5.833333333333333,16.004666429773266,
EMA_Stocastic_Strategy_10_40_10_3,0.1,1,-80.95078688468595,113.64993337246969,194.60072025715587,0.5840159955332465,0.3548387096774194,0.6451612903225806,31,-2.6113157059576113,4,2.2,5,4.0,9.652190020277725,
EMA_Stocastic_Strategy_10_40_10_3,0.1,2,-80.36597286377855,114.40600799720428,194.77198086098286,0.5873843223829036,0.23076923076923078,0.7692307692307693,26,-3.090998956299175,2,1.2,5,4.0,9.6964651394797,
EMA_Stocastic_Strategy_10_40_10_3,0.1,3,-61.83545673706692,56.612660759252854,118.44811749631987,0.47795323349914604,0.14285714285714285,0.8571428571428571,14,-4.416818338361923,1,1.0,6,6.0,8.702358213238668,
EMA_Stocastic_Strategy_10_40_10_3,0.15,1,-45.652735543290646,53.42570842362771,99.07844396691854,0.5392263572636052,0.3333333333333333,0.6666666666666666,15,-3.043515702886043,2,1.25,3,2.5,5.889638617371714,
EMA_Stocastic_Strategy_10_40_10_3,0.15,2,-40.835786635169256,38.6655623588908,79.50134899406007,0.48635102231761745,0.2,0.8,10,-4.083578663516926,1,1.0,4,4.0,5.880041168352149,
EMA_Stocastic_Strategy_10_40_10_3,0.15,3,-32.002251782644294,58.42203908560866,90.42429086825292,0.6460878877195603,0.18181818181818182,0.8181818181818182,11,-2.9092956166040267,1,1.0,4,4.5,5.907723509184987,
EMA_Stocastic_Strategy_10_40_10_3,0.2,1,-27.297795371561506,42.48761229858367,69.78540767014528,0.6088323292372223,0.36363636363636365,0.6363636363636364,11,-2.481617761051046,2,1.3333333333333333,3,2.3333333333333335,3.969213998608021,
EMA_Stocastic_Strategy_10_40_10_3,0.2,2,-21.00833934548018,39.23754888314828,60.24588822862849,0.6512900720169452,0.25,0.75,8,-2.6260424181850226,1,1.0,3,3.0,3.969024761097998,
EMA_Stocastic_Strategy_10_40_10_3,0.2,3,-11.191525508559721,29.369749819635594,40.56127532819543,0.7240834905213088,0.2,0.8,5,-2.238305101711944,1,1.0,0,4.0,3.9403989999999967,
EMA_Stocastic_Strategy_10_50_10_3,0.05,1,-96.27895773627779,319.80816144898625,416.08711918526376,0.7686086559833901,0.44,0.56,75,-1.283719436483704,5,2.0625,5,2.8,15.76466898628715,
EMA_Stocastic_Strategy_10_50_10_3,0.05,2,-144.3750430088228,213.05722280566806,357.43226581449017,0.5960771961092238,0.22916666666666666,0.7708333333333334,48,-3.0078133960171414,3,1.8333333333333333,9,6.166666666666667,16.598353464357686,
EMA_Stocastic_Strategy_10_50_10_3,0.05,3,-130.29914672938582,234.93829195505148,365.2374386844372,0.6432481095072968,0.17777777777777778,0.8222222222222222,45,-2.8955365939863515,2,1.3333333333333333,9,6.166666666666667,17.432049277478274,
EMA_Stocastic_Strategy_10_50_10_3,0.1,1,-89.99871884951153,113.63587745451026,203.63459630402178,0.5580381699230248,0.34375,0.65625,32,-2.8124599640472354,4,2.2,6,4.2,10.555668120074971,
EMA_Stocastic_Strategy_10_50_10_3,0.1,2,-89.72409106258192,114.02030258523257,203.74439364781435,0.5596242455746988,0.2222222222222222,0.7777777777777778,27,-3.3231144837993303,2,1.2,6,4.2,10.599500488084919,
EMA_Stocastic_Strategy_10_50_10_3,0.1,3,-62.09176897400073,56.323987779020825,118.41575675302158,0.47564605693898604,0.14285714285714285,0.8571428571428571,14,-4.4351263552857665,1,1.0,6,6.0,8.702358213238682,
EMA_Stocastic_Strategy_10_50_10_3,0.15,1,-36.20930603503359,73.48929220120156,109.69859823623517,0.6699200662796336,0.3888888888888889,0.6111111111111112,18,-2.0116281130574216,3,1.75,3,2.75,4.958040150045092,
EMA_Stocastic_Strategy_10_50_10_3,0.15,2,-40.65802359585996,38.858059477338486,79.51608307319839,0.48868176066428937,0.2,0.8,10,-4.065802359585996,1,1.0,4,4.0,5.880041168352156,
EMA_Stocastic_Strategy_10_50_10_3,0.15,3,-31.997233943930837,58.4275256594076,90.42475960333849,0.6461452141615697,0.18181818181818182,0.8181818181818182,11,-2.908839449448258,1,1.0,4,4.5,5.907723509184976,
EMA_Stocastic_Strategy_10_50_10_3,0.2,1,-27.29773112262876,42.48768115698267,69.78541227961152,0.6088332757388588,0.36363636363636365,0.6363636363636364,11,-2.4816119202389784,2,1.3333333333333333,3,2.3333333333333335,3.969213998608024,
EMA_Stocastic_Strategy_10_50_10_3,0.2,2,-21.008338111502667,39.23755019306321,60.24588830456588,0.651290092938832,0.25,0.75,8,-2.6260422639378334,1,1.0,3,3.0,3.969024761098003,
EMA_Stocastic_Strategy_10_50_10_3,0.2,3,-11.191525472999388,29.36974985665492,40.56127532965413,0.7240834914079453,0.2,0.8,5,-2.2383050945998777,1,1.0,0,4.0,3.940399000000009,
EMA_Stocastic_Strategy_5_20_10_4,0.05,1,-166.3463491310232,332.9762261072118,499.32257523823534,0.6668559416692569,0.4044943820224719,0.5955056179775281,89,-1.8690601025957663,5,2.1176470588235294,8,3.3125,18.478784120736464,
EMA_Stocastic_Strategy_5_20_10_4,0.05,2,-179.4660057598212,214.92848222700158,394.3944879868229,0.5449581289132583,0.21818181818181817,0.7818181818181819,55,-3.2630182865422035,2,1.5,9,5.375,19.292246837528655,
EMA_Stocastic_Strategy_5_20_10_4,0.05,3,-190.2139761181386,214.2937742703042,404.5077503884424,0.5297643223511077,0.15384615384615385,0.8461538461538461,52,-3.657961079194973,2,1.3333333333333333,10,7.333333333333333,20.96687849771991,
EMA_Stocastic_Strategy_5_20_10_4,0.1,1,-91.07052722638696,110.97072553371422,202.04125276010106,0.5492478591264636,0.34375,0.65625,32,-2.8459539758245924,2,1.8333333333333333,6,3.5,10.555668120074978,
EMA_Stocastic_Strategy_5_20_10_4,0.1,2,-89.74325510343692,112.64766169417379,202.3909167976103,0.556584571464839,0.2222222222222222,0.7777777777777778,27,-3.3238242630902564,1,1.0,6,3.5,10.59950048808494,
EMA_Stocastic_Strategy_5_20_10_4,0.1,3,-72.02108772915824,84.45468531726095,156.475773046419,0.5397301043670654,0.15789473684210525,0.8421052631578947,19,-3.7905835646925388,1,1.0,7,5.333333333333333,9.668845064544657,
EMA_Stocastic_Strategy_5_20_10_4,0.15,1,-46.08275397371017,81.98055396594987,128.0633079396603,0.6401564607762336,0.38095238095238093,0.6190476190476191,21,-2.1944168558909602,3,1.6,4,2.6,5.91786890256976,
EMA_Stocastic_Strategy_5_20_10_4,0.15,2,-50.43544248557714,38.461012242285406,88.89645472786262,0.4326495624603425,0.18181818181818182,0.8181818181818182,11,-4.585040225961558,1,1.0,5,4.5,6.821240756668617,
EMA_Stocastic_Strategy_5_20_10_4,0.15,3,-41.950495546148204,57.82936202377321,99.77985756992152,0.579569498615979,0.16666666666666666,0.8333333333333334,12,-3.4958746288456837,1,1.0,5,5.0,6.848646274093135,
EMA_Stocastic_Strategy_5_20_10_4,0.2,1,-37.05462745275986,32.230353667757164,69.28498112051686,0.46518528469675835,0.3,0.7,10,-3.705462745275986,1,1.0,4,2.3333333333333335,4.920013860007964,
EMA_Stocastic_Strategy_5_20_10_4,0.2,2,-30.983773655825416,38.84082824403154,69.82460189985689,0.5562627954504836,0.2222222222222222,0.7777777777777778,9,-3.4426415173139353,1,1.0,4,3.5,4.929334513487025,
EMA_Stocastic_Strategy_5_20_10_4,0.2,3,-21.364206416651314,29.070486790325237,50.43469320697656,0.5763986046474842,0.16666666666666666,0.8333333333333334,6,-3.5607010694418855,1,1.0,0,5.0,4.900995010000004,
EMA_Stocastic_Strategy_5_30_10_4,0.05,1,-114.63970939987337,355.1162221911504,469.755931591024,0.7559589955328536,0.43529411764705883,0.5647058823529412,85,-1.348702463527922,5,2.0555555555555554,6,2.823529411764706,15.781515210136579,
EMA_Stocastic_Strategy_5_30_10_4,0.05,2,-153.23682659197573,204.41300905072885,357.64983564270443,0.5715450943333842,0.22448979591836735,0.7755102040816326,49,-3.1272821753464433,2,1.5714285714285714,9,5.428571428571429,16.796975734055685,
EMA_Stocastic_Strategy_5_30_10_4,0.05,3,-172.6477032267353,194.1206450073826,366.76834823411815,0.5292731664060338,0.15217391304347827,0.8478260869565217,46,-3.753210939711637,2,1.1666666666666667,9,6.5,19.314417713821097,
EMA_Stocastic_Strategy_5_30_10_4,0.1,1,-81.57200658374597,112.31247144648088,193.88447803022683,0.5792752085547108,0.3548387096774194,0.6451612903225806,31,-2.6313550510885797,2,1.8333333333333333,5,3.3333333333333335,9.652190020277757,
EMA_Stocastic_Strategy_5_30_10_4,0.1,2,-80.3771925307284,113.80966911387563,194.18686164460422,0.586083260988929,0.23076923076923078,0.7692307692307693,26,-3.0914304819510923,1,1.0,5,3.3333333333333335,9.696465139479686,
EMA_Stocastic_Strategy_5_30_10_4,0.1,3,-62.39118540842503,85.32869776512891,147.71988317355402,0.5776385408109037,0.16666666666666666,0.8333333333333334,18,-3.466176967134724,1,1.0,6,5.0,8.756409156105695,
EMA_Stocastic_Strategy_5_30_10_4,0.15,1,-64.83899522443869,72.30309412448689,137.14208934892554,0.5272130129250752,0.3333333333333333,0.6666666666666666,21,-3.087571201163747,3,1.4,4,2.8,7.780881399548606,
EMA_Stocastic_Strategy_5_30_10_4,0.15,2,-50.78497914313948,38.07875261774964,88.86373176088915,0.4285072420794838,0.18181818181818182,0.8181818181818182,11,-4.616816285739953,1,1.0,5,4.5,6.821240756668629,
EMA_Stocastic_Strategy_5_30_10_4,0.15,3,-41.96026348999692,57.81857675875126,99.77884024874818,0.5794673160623016,0.16666666666666666,0.8333333333333334,12,-3.49668862416641,1,1.0,5,5.0,6.8486462740931415,
EMA_Stocastic_Strategy_5_30_10_4,0.2,1,-27.328031600223994,32.42674979287898,59.75478139310302,0.5426636837570578,0.3333333333333333,0.6666666666666666,9,-3.036447955580444,1,1.0,3,2.0,3.959609959603981,
EMA_Stocastic_Strategy_5_30_10_4,0.2,2,-21.008920068385578,39.23693242330205,60.24585249168746,0.6512802259494269,0.25,0.75,8,-2.6261150085481972,1,1.0,3,3.0,3.969024761098019,
EMA_Stocastic_Strategy_5_30_10_4,0.2,3,-11.191542243763024,29.369732397948432,40.561274641711435,0.7240830732608656,0.2,0.8,5,-2.238308448752605,1,1.0,0,4.0,3.940398999999997,
EMA_Stocastic_Strategy_5_40_10_4,0.05,1,-96.55004697593449,348.29415670927364,444.84420368520784,0.782957614877101,0.4444444444444444,0.5555555555555556,81,-1.191975888591784,5,2.0,5,2.6470588235294117,14.930823444582394,
EMA_Stocastic_Strategy_5_40_10_4,0.05,2,-152.68330329203195,186.47627095495852,339.15957424699076,0.5498186845203384,0.21739130434782608,0.782608695652174,46,-3.3192022454789556,2,1.4285714285714286,9,5.142857142857143,16.772173841860525,
EMA_Stocastic_Strategy_5_40_10_4,0.05,3,-147.30851502661164,196.38414802235616,343.69266304896763,0.5713946474160734,0.16279069767441862,0.8372093023255814,43,-3.4257794192235265,2,1.1666666666666667,8,6.0,16.844619765475528,
EMA_Stocastic_Strategy_5_40_10_4,0.1,1,-90.2120183679574,103.30416632741111,193.51618469536837,0.5338270103352425,0.3333333333333333,0.6666666666666666,30,-3.0070672789319133,2,1.6666666666666667,5,3.3333333333333335,10.546722792354213,
EMA_Stocastic_Strategy_5_40_10_4,0.1,2,-89.45656293503544,94.47510774801592,183.93167068305132,0.5136424162145202,0.20833333333333334,0.7916666666666666,24,-3.72735678895981,1,1.0,5,3.8,10.572851197741837,
EMA_Stocastic_Strategy_5_40_10_4,0.1,3,-72.01331855875321,84.75392389687947,156.7672424556327,0.5406354195511605,0.15789473684210525,0.8421052631578947,19,-3.7901746609870113,1,1.0,6,5.333333333333333,9.668845064544634,
EMA_Stocastic_Strategy_5_40_10_4,0.15,1,-64.9720969201652,72.15047296146541,137.122569881631,0.526175034669699,0.3333333333333333,0.6666666666666666,21,-3.093909377150724,3,1.4,4,2.8,7.780881399548568,
EMA_Stocastic_Strategy_5_40_10_4,0.15,2,-50.78745959331195,38.0760399524798,88.8634995457915,0.4284778356366571,0.18181818181818182,0.8181818181818182,11,-4.617041781210177,1,1.0,5,4.5,6.821240756668651,
EMA_Stocastic_Strategy_5_40_10_4,0.15,3,-41.96033280718416,57.818500222251004,99.77883302943538,0.5794665909270976,0.16666666666666666,0.8333333333333334,12,-3.4966944005986798,1,1.0,5,5.0,6.848646274093119,
EMA_Stocastic_Strategy_5_40_10_4,0.2,1,-27.328032487857172,32.426748850715136,59.754781338572485,0.5426636684851066,0.3333333333333333,0.6666666666666666,9,-3.0364480542063523,1,1.0,3,2.0,3.959609959603977,
EMA_Stocastic_Strategy_5_40_10_4,0.2,2,-21.008920085433488,39.23693240520488,60.24585249063835,0.6512802256603796,0.25,0.75,8,-2.626115010679186,1,1.0,3,3.0,3.9690247610980056,
EMA_Stocastic_Strategy_5_40_10_4,0.2,3,-11.191542244254265,29.369732397436998,40.561274641691284,0.7240830732486164,0.2,0.8,5,-2.238308448850853,1,1.0,0,4.0,3.940399,
EMA_Stocastic_Strategy_5_50_10_4,0.05,1,-105.58454650617603,347.92180484730613,453.5063513534823,0.7671817689188679,0.43902439024390244,0.5609756097560976,82,-1.2876164208070247,5,1.894736842105263,5,2.5555555555555554,15.78151521013656,
EMA_Stocastic_Strategy_5_50_10_4,0.05,2,-152.83368764329805,186.65871975521756,339.4924073985156,0.5498170671490361,0.21739130434782608,0.782608695652174,46,-3.3224714705064793,2,1.4285714285714286,9,5.142857142857143,16.772173841860557,
EMA_Stocastic_Strategy_5_50_10_4,0.05,3,-155.83914394091505,196.67438716414915,352.5135311050642,0.557920107485269,0.1590909090909091,0.8409090909090909,44,-3.5417987259298873,2,1.1666666666666667,9,6.166666666666667,17.676173567820776,
EMA_Stocastic_Strategy_5_50_10_4,0.1,1,-99.4609905414568,103.1288383596528,202.5898289011098,0.5090523987262613,0.3225806451612903,0.6774193548387096,31,-3.2084190497244127,2,1.6666666666666667,6,3.5,11.441255564430639,
EMA_Stocastic_Strategy_5_50_10_4,0.1,2,-98.7257649294288,94.28602191592199,193.01178684535083,0.48849877749418447,0.2,0.8,25,-3.949030597177152,1,1.0,6,4.0,11.46712268576441,
EMA_Stocastic_Strategy_5_50_10_4,0.1,3,-62.338318452853855,56.339321095922145,118.6776395487759,0.47472566281339773,0.14285714285714285,0.8571428571428571,14,-4.452737032346704,1,1.0,5,6.0,8.702358213238703,
EMA_Stocastic_Strategy_5_50_10_4,0.15,1,-45.75526823453879,63.155014533814736,108.91028276835348,0.5798810996399869,0.35294117647058826,0.6470588235294118,17,-2.6914863667375757,3,1.5,3,2.75,5.8990496535099926,
EMA_Stocastic_Strategy_5_50_10_4,0.15,2,-40.83771670970498,38.663472308068194,79.50118901777329,0.48632571142331704,0.2,0.8,10,-4.083771670970497,1,1.0,4,4.0,5.880041168352135,
EMA_Stocastic_Strategy_5_50_10_4,0.15,3,-32.002306264176354,58.42197951475289,90.42428577892922,0.6460872652904763,0.18181818181818182,0.8181818181818182,11,-2.909300569470578,1,1.0,4,4.5,5.9077235091849944,
EMA_Stocastic_Strategy_5_50_10_4,0.2,1,-27.200516120760994,32.562099012644175,59.76261513340509,0.5448573316270955,0.3333333333333333,0.6666666666666666,9,-3.0222795689734436,1,1.0,3,2.0,3.959609959603995,
EMA_Stocastic_Strategy_5_50_10_4,0.2,2,-21.00647098121533,39.23953222414819,60.24600320536343,0.6513217497663791,0.25,0.75,8,-2.625808872651916,1,1.0,3,3.0,3.9690247610980056,
EMA_Stocastic_Strategy_5_50_10_4,0.2,3,-11.191471666262032,29.36980587056354,40.56127753682563,0.7240848329764431,0.2,0.8,5,-2.2382943332524063,1,1.0,0,4.0,3.940399,
EMA_Stocastic_Strategy_6_20_10_4,0.05,1,-149.50486112055728,345.5963063977802,495.1011675183365,0.6980316934618837,0.4157303370786517,0.5842696629213483,89,-1.6798299002309807,5,2.0555555555555554,8,3.0588235294117645,16.831890870650394,
EMA_Stocastic_Strategy_6_20_10_4,0.05,2,-162.5284746743946,217.68666580320945,380.21514047760377,0.5725355006372559,0.22641509433962265,0.7735849056603774,53,-3.066574993856502,2,1.5,9,5.125,17.65355253293408,
EMA_Stocastic_Strategy_6_20_10_4,0.05,3,-173.36229806394374,217.34284590198624,390.7051439659302,0.5562835536174531,0.16,0.84,50,-3.467245961278875,2,1.3333333333333333,10,7.0,19.362185999102014,
EMA_Stocastic_Strategy_6_20_10_4,0.1,1,-90.76906980946433,111.33919236775148,202.10826217721566,0.5508888709860131,0.34375,0.65625,32,-2.83653343154576,2,1.8333333333333333,6,3.5,10.555668120074975,
EMA_Stocastic_Strategy_6_20_10_4,0.1,2,-89.73786501470579,112.65425024147805,202.3921152561837,0.5566138290460706,0.2222222222222222,0.7777777777777778,27,-3.3236246301742884,1,1.0,6,3.5,10.599500488084919,
EMA_Stocastic_Strategy_6_20_10_4,0.1,3,-72.02094166127586,84.45485601510443,156.47579767638038,0.5397311103009809,0.15789473684210525,0.8421052631578947,19,-3.7905758769092555,1,1.0,7,5.333333333333333,9.668845064544644,
EMA_Stocastic_Strategy_6_20_10_4,0.15,1,-46.08275191235373,81.98055630404345,128.06330821639722,0.640156477650221,0.38095238095238093,0.6190476190476191,21,-2.1944167577311298,3,1.6,4,2.6,5.9178689025697775,
EMA_Stocastic_Strategy_6_20_10_4,0.15,2,-50.435442447162245,38.46101228429666,88.89645473145896,0.43264956291542583,0.18181818181818182,0.8181818181818182,11,-4.585040222469295,1,1.0,5,4.5,6.821240756668624,
EMA_Stocastic_Strategy_6_20_10_4,0.15,3,-41.95049554507477,57.82936202495854,99.77985757003333,0.579569498627209,0.16666666666666666,0.8333333333333334,12,-3.4958746287562312,1,1.0,5,5.0,6.848646274093133,
EMA_Stocastic_Strategy_6_20_10_4,0.2,1,-37.05462745274599,32.23035366777175,69.28498112051784,0.4651852846969623,0.3,0.7,10,-3.705462745274599,1,1.0,4,2.3333333333333335,4.92001386000794,
EMA_Stocastic_Strategy_6_20_10_4,0.2,2,-30.983773655825075,38.840828244031826,69.8246018998569,0.5562627954504876,0.2222222222222222,0.7777777777777778,9,-3.442641517313897,1,1.0,4,3.5,4.929334513487023,
EMA_Stocastic_Strategy_6_20_10_4,0.2,3,-21.364206416651314,29.070486790325248,50.43469320697656,0.5763986046474844,0.16666666666666666,0.8333333333333334,6,-3.5607010694418855,1,1.0,0,5.0,4.900995010000004,
EMA_Stocastic_Strategy_6_30_10_4,0.05,1,-114.551164516325,344.9232301737226,459.47439469004775,0.7506908636473658,0.43373493975903615,0.5662650602409639,83,-1.3801345122448796,5,2.0,6,2.764705882352941,15.781515210136549,
EMA_Stocastic_Strategy_6_30_10_4,0.05,2,-144.6821749005619,205.72223875156095,350.40441365212325,0.5870994506244981,0.22916666666666666,0.7708333333333334,48,-3.0142119770950395,3,1.5714285714285714,9,5.285714285714286,15.956541145510744,
EMA_Stocastic_Strategy_6_30_10_4,0.05,3,-147.10891396450222,195.5214519480213,342.6303659125235,0.5706483470234499,0.16279069767441862,0.8372093023255814,43,-3.4211375340581913,2,1.1666666666666667,9,6.0,16.844619765475525,
EMA_Stocastic_Strategy_6_30_10_4,0.1,1,-90.20844737412915,102.82701810943493,193.03546548356425,0.5326845916725598,0.3333333333333333,0.6666666666666666,30,-3.006948245804305,2,1.6666666666666667,5,3.3333333333333335,10.546722792354185,
EMA_Stocastic_Strategy_6_30_10_4,0.1,2,-89.45649906627625,94.09191143579234,183.54841050206846,0.5126272201345595,0.20833333333333334,0.7916666666666666,24,-3.7273541277615103,1,1.0,5,3.8,10.57285119774185,
EMA_Stocastic_Strategy_6_30_10_4,0.1,3,-62.6397139676277,85.04101363362417,147.68072760125204,0.5758436799095455,0.16666666666666666,0.8333333333333334,18,-3.47998410931265,1,1.0,6,5.0,8.756409156105692,
EMA_Stocastic_Strategy_6_30_10_4,0.15,1,-55.39639705771742,72.39554002356662,127.79193708128393,0.5665110153038715,0.35,0.65,20,-2.7698198528858713,3,1.4,4,2.6,6.849375151059206,
EMA_Stocastic_Strategy_6_30_10_4,0.15,2,-50.60900922689768,38.27119650784478,88.88020573474259,0.4305930234012145,0.18181818181818182,0.8181818181818182,11,-4.600819020627062,1,1.0,5,4.5,6.821240756668616,
EMA_Stocastic_Strategy_6_30_10_4,0.15,3,-41.95534593922298,57.824006467314,99.77935240653704,0.5795187588682492,0.16666666666666666,0.8333333333333334,12,-3.4962788282685815,1,1.0,5,5.0,6.848646274093123,
